{
  "r": 1.3519054763241305,
  "alpha": 93.05343735692581,
  "a": 0.01810479754017795,
  "b": 0.5361343593099679
}