{
  "p": 11.556410739634389,
  "q": 0.8569550678716525,
  "v": 11.522564207491275
}