{
  "MAE": 568.1042875027482,
  "RMSE": 4029.5313868585376,
  "R2": 0.12383406166291089,
  "MAPE": 93.07195956413491,
  "Pearson_r": 0.38610523773741606
}